Station,ITU_R1,ITU_R01,ITU_R001,ITU_Pr,GPM_R1,GPM_R01,GPM_R001,GPM_Pr
Delhi,3.763075240248345,11.607192218299113,25.275921533711738,5.716133942161339,5.942314981151912,20.414573389456713,52.90303093142324,7.104832572298325
Tokyo,12.70113442528139,29.3718482719253,56.83523911517914,7.709094368340944,13.039416409918985,29.87688602593408,57.211566982266746,8.244101978691019
Berlin,3.8928382001109543,9.970536315387102,21.60915549831353,7.0738203957382035,3.765109880749682,9.721218599419212,19.81485869487513,6.923706240487062
Sao Paulo,22.755723989253763,45.75224162557113,75.3573917593826,10.256849315068493,24.144321229594123,48.52156173243813,80.99233865001692,10.691400304414003
